Point ID,vtkOriginalPointIds,Points_0,Points_1,Points_2,Points_Magnitude
0,0,7.20902,15.8109,1044.67,1044.81
1,1,6.69809,16.4702,1051.37,1051.52
2,2,8.88888,16.9408,1061.23,1061.4
3,3,7.38671,16.791,1070.96,1071.12
4,4,7.95043,16.5299,1084.53,1084.69
5,5,5.35438,16.9379,1100.84,1100.98
6,6,10.1751,17.4879,1115.85,1116.03
7,7,6.31446,18.7485,1131.25,1131.42
8,8,-7.0709,19.0657,1130.39,1130.57
9,9,5.41245,21.072,1146.83,1147.04
10,10,6.68691,29.7689,1188.45,1188.84
11,11,10.454,34.5957,1206.46,1207
12,12,5.02649,25.5674,1171.05,1171.34
13,13,-0.283292,38.9695,1232.69,1233.31
14,14,11.8252,39.8844,1240.36,1241.06
15,15,10.7464,38.1373,1225.67,1226.31
16,16,5.34199,40.673,1249.65,1250.32
17,17,11.8099,41.6489,1263.83,1264.57
18,18,9.07551,44.4676,1281.59,1282.39
19,19,5.24621,49.1466,1300,1300.94
20,20,5.12384,55.3349,1318.07,1319.24
21,21,9.64508,63.1429,1336.48,1338.01
22,22,2.16985,71.1421,1349.75,1351.63
23,23,-1.93582,78.7513,1363.12,1365.39
24,24,13.725,83.5981,1375.16,1377.77
25,25,7.68766,89.6983,1386.41,1389.33
26,26,-23.6506,79.2949,1364.16,1366.67
27,27,-4.17626,96.8033,1397.42,1400.78
28,28,1.89765,103.729,1408.86,1412.67
29,29,4.00276,108.539,1416.85,1421.01
30,30,4.47344,113.467,1424.68,1429.2
31,31,7.98456,121.202,1469.32,1474.33
32,32,-2.31678,122.458,1467.58,1472.68
33,34,1.39513,118.894,1432.93,1437.85
34,35,5.28034,125.561,1448.49,1453.93
35,36,2.17755,123.072,1440.33,1445.58
36,37,4.5968,125.007,1457.01,1462.37
37,38,-8.92577,16.4424,1053.77,1053.94
38,39,-23.5274,16.2344,1062.26,1062.64
39,40,-56.4215,26.3407,1057.29,1059.12
40,41,-9.30385,16.7893,1071.55,1071.72
41,42,-39.0747,18.5355,1055.2,1056.09
42,43,-28.3743,18.3519,1079.79,1080.32
43,44,-45.1165,23.0196,1080.19,1081.38
44,45,-67.7247,34.6704,1070.64,1073.34
45,46,-75.1029,42.3989,1089.4,1092.81
46,47,-91.4411,55.2928,1083.61,1088.87
47,48,-85.7247,54.0231,1106.85,1111.48
48,49,-86.2695,45.5624,1047.8,1052.33
49,50,-84.0984,45.9281,1066.34,1070.64
50,51,-104.415,60.5233,1044.49,1051.44
51,52,-121.648,76.2856,1044.13,1053.96
52,53,-98.8695,57.9201,1062.9,1069.06
53,54,-113.164,70.49,1060.37,1068.72
54,55,-125.8,82.8474,1061.9,1072.53
55,56,-146.738,111.565,1057.07,1073.02
56,57,-153.38,126.471,1056.74,1075.28
57,58,-107.111,68.4404,1079.21,1086.67
58,59,-121.349,81.2334,1077.31,1087.16
59,60,-109.158,73.8655,1097.26,1105.15
60,61,-119.984,83.4416,1094.85,1104.56
61,62,-133.364,95.1434,1078.84,1091.21
62,63,-140.831,103.568,1069.81,1084
63,64,-147.663,118.019,1073.98,1090.49
64,65,-128.876,93.8924,1096.63,1108.16
65,66,-141.86,111.633,1089.83,1104.68
66,67,-152.518,132.605,1076.81,1095.61
67,68,-147.353,125.346,1093.25,1110.23
68,69,-12.3085,17.2365,1090.99,1091.2
69,70,-30.044,20.2019,1100.35,1100.95
70,71,-14.9408,18.2652,1113.67,1113.92
71,72,-36.683,23.4233,1118.17,1119.02
72,73,-55.2228,29.94,1095.91,1097.71
73,74,-53.0181,30.2278,1117.43,1119.1
74,75,-69.4933,40.5866,1111.89,1114.8
75,76,-81.3056,51.6337,1124.08,1128.2
76,77,-19.6933,21.1543,1137.31,1137.68
77,78,-8.6812,22.5676,1154.2,1154.45
78,79,-33.7029,24.465,1139.61,1140.37
79,80,-63.0795,37.5456,1132.99,1135.37
80,81,-75.9186,47.7842,1139.23,1142.76
81,82,-49.3445,30.5712,1141.98,1143.45
82,83,-63.8597,39.9242,1155.83,1158.28
83,84,-92.7481,63.1852,1130.56,1136.12
84,85,-83.6871,55.5751,1152.33,1156.7
85,86,-97.228,63.742,1100.97,1107.09
86,87,-102.763,71.5359,1117.31,1124.3
87,88,-115.467,83.0831,1114.29,1123.33
88,89,-126.005,95.5191,1116.42,1127.56
89,90,-145.333,131.114,1112.52,1129.61
90,91,-135.168,104.762,1104.03,1117.2
91,92,-130.178,104.963,1129.88,1142.19
92,93,-135.655,113.681,1127.92,1141.72
93,94,-140.707,117.635,1110.9,1125.94
94,95,-108.49,79.4512,1132.79,1140.74
95,96,-99.1019,71.1737,1146.6,1153.07
96,97,-111.738,85.0023,1149.59,1158.13
97,98,-119.498,91.5472,1134.09,1144.04
98,99,-124.32,100.155,1147.43,1158.48
99,100,-130.732,110.512,1152.79,1165.43
100,101,-140.107,125.123,1130.47,1145.97
101,102,-143.16,136.134,1131.16,1148.28
102,103,-135.253,117.954,1146.75,1160.71
103,104,-139.231,128.723,1149.48,1165.01
104,105,-30.386,30.3075,1181.89,1182.67
105,106,-20.5713,24.9581,1163.59,1164.04
106,107,-40.7357,29.1951,1161.85,1162.93
107,108,-12.0699,29.8797,1190.24,1190.68
108,109,-43.2028,36.0493,1196.16,1197.48
109,110,-52.9163,35.9416,1175.33,1177.07
110,111,-60.7361,43.0608,1195.64,1197.96
111,112,-70.1116,45.7557,1174.95,1177.93
112,113,-8.53523,35.9757,1215.44,1216
113,114,-27.5616,35.4706,1210.39,1211.22
114,115,-18.3215,38.8995,1234.91,1235.66
115,116,-48.6592,41.6312,1218.7,1220.38
116,117,-39.4565,39.4396,1234.37,1235.63
117,118,-65.8981,45.833,1215.69,1218.34
118,119,-78.3306,53.391,1193.58,1197.34
119,120,-95.7305,67.8519,1164.76,1170.66
120,121,-83.9863,56.6214,1173.28,1177.64
121,122,-93.3759,65.7646,1190.23,1195.7
122,123,-103.079,76.2298,1179.42,1186.37
123,124,-82.3307,54.8734,1210.55,1214.59
124,125,-96.3583,64.0848,1210.43,1215.95
125,126,-107.361,75.8006,1206.76,1213.9
126,127,-108.082,80.7073,1192.48,1200.08
127,128,-118.07,93.6182,1163.15,1172.87
128,129,-124.944,103.069,1169.05,1180.22
129,130,-108.576,82.3008,1166.28,1174.21
130,131,-117.159,92.1281,1183.25,1192.6
131,132,-131.495,113.291,1173.1,1185.87
132,133,-136.027,122.124,1164.39,1178.65
133,134,-136.868,123.158,1186.63,1200.83
134,135,-139.579,130.091,1176.7,1192.07
135,136,-141.798,138.414,1165.79,1182.51
136,137,-126.721,105.196,1187.65,1199.02
137,138,-117.604,89.5365,1201.72,1210.78
138,139,-126.396,100.82,1204.35,1215.15
139,140,-133.794,116.143,1196.98,1210.02
140,141,-142.03,133.881,1195.5,1211.33
141,142,-145.142,145.062,1188.31,1205.9
142,143,-146.935,145.412,1205.37,1222.97
143,144,-22.3764,40.0251,1253.5,1254.34
144,145,-37.6421,38.6372,1265.43,1266.58
145,146,-49.9712,38.8364,1251.47,1253.07
146,147,-76.1537,47.7168,1228.36,1231.64
147,148,-64.4826,37.7614,1266.15,1268.35
148,149,-65.1147,41.4348,1240.85,1243.25
149,150,-17.1175,42.1469,1274.65,1275.46
150,151,-46.0627,38.2441,1280.06,1281.46
151,152,-19.0467,45.8098,1296.18,1297.13
152,153,-42.2197,42.6046,1297.29,1298.68
153,154,-36.5004,50.0412,1314.21,1315.67
154,155,-64.5851,39.8775,1289.6,1291.83
155,156,-82.1438,40.4985,1280.22,1283.49
156,157,-83.2124,46.6493,1300.4,1303.89
157,158,-86.0418,46.4746,1244.41,1248.25
158,159,-90.7926,54.7531,1227.21,1231.78
159,160,-102.594,62.7419,1227.03,1232.91
160,161,-112.181,72.2126,1224.15,1231.4
161,162,-102.549,53.7976,1246.36,1251.73
162,163,-120.01,85.8785,1216.75,1225.67
163,164,-123.246,80.2963,1231.92,1240.67
164,165,-84.2445,41.4274,1261.33,1264.82
165,166,-101.757,47.8318,1267.26,1272.24
166,167,-115.182,57.719,1262.77,1269.33
167,168,-117.464,66.512,1243.89,1251.19
168,169,-114.375,55.9763,1284.99,1291.28
169,170,-129.921,83.1563,1243.53,1253.06
170,171,-127.575,72.7191,1257.5,1266.04
171,172,-129.985,98.5458,1220.47,1231.32
172,173,-134.13,111.299,1211.85,1224.32
173,174,-134.08,95.9182,1234.17,1245.13
174,175,-140.083,111.718,1228.75,1241.74
175,176,-140.249,124.176,1211.65,1226.04
176,177,-145.605,135.911,1215.13,1231.35
177,178,-146.29,127.194,1229.84,1245.02
178,179,-137.477,91.8194,1249.09,1259.98
179,180,-137.957,86.3822,1263.11,1273.55
180,181,-142.549,104.556,1247.67,1260.13
181,182,-147.296,118.568,1245.56,1259.83
182,183,-151.754,132.827,1246.75,1262.96
183,184,-151.089,142.852,1229.63,1247.09
184,185,-154.453,147.071,1242.17,1260.35
185,186,-15.8097,55.7981,1320.98,1322.25
186,187,-32.5646,61.0916,1334.34,1336.13
187,188,-62.2064,47.3826,1309.32,1311.65
188,189,-52.6277,58.2896,1329.3,1331.62
189,190,-74.0725,58.1243,1324.71,1328.05
190,191,-17.1863,68.3556,1345.41,1347.26
191,192,-38.8689,70.4642,1349.74,1352.14
192,193,-58.8235,72.1308,1349.33,1352.54
193,194,-77.2205,69.5102,1340.44,1344.46
194,195,-78.6801,81.2673,1357.27,1361.98
195,196,-98.709,46.0191,1283.18,1287.79
196,197,-104.366,53.628,1297.45,1302.74
197,198,-93.6639,56.4371,1312.71,1317.26
198,199,-95.8652,67.29,1328.12,1333.27
199,200,-125.192,65.1054,1277.49,1285.26
200,201,-112.442,63.3412,1307.13,1313.49
201,202,-133.401,75.9165,1277.44,1286.63
202,203,-124.629,69.0818,1297.03,1304.83
203,204,-140.493,87.5628,1279.71,1290.37
204,205,-133.208,78.8951,1298.35,1307.55
205,206,-140.176,88.196,1297.65,1308.18
206,207,-94.049,77.9097,1345.23,1350.76
207,208,-108.704,82.6829,1343.27,1350.2
208,209,-112.963,73.4398,1324.11,1330.95
209,210,-126.16,78.5774,1315.37,1323.74
210,211,-121.974,87.8504,1340.14,1348.54
211,212,-131.14,89.215,1330.22,1339.64
212,213,-144.726,101.299,1264.58,1276.86
213,214,-149.722,116.713,1263.67,1277.85
214,215,-146.611,101.635,1279.05,1291.43
215,216,-153.871,130.64,1264.99,1280.99
216,217,-146.1,98.8101,1292.33,1304.31
217,218,-146.61,99.8643,1308.58,1320.55
218,219,-151.269,115.202,1280.78,1294.82
219,220,-151.669,110.236,1299.19,1312.65
220,221,-138.578,90.8127,1316.29,1326.68
221,222,-155.361,128.804,1282,1297.79
222,223,-157.255,138.891,1275.14,1292.29
223,224,-156.118,143.835,1257.52,1275.31
224,225,-155.477,122.006,1294.83,1309.83
225,226,-160.504,134.487,1296.29,1313.09
226,227,-160.97,129.387,1303.17,1319.43
227,228,-160.067,140.875,1287.18,1304.72
228,229,-41.028,84.281,1370.17,1373.37
229,230,-14.2025,87.0415,1379.39,1382.21
230,231,-45.1813,95.13,1386.46,1390.45
231,232,-61.9773,86.2427,1369.15,1373.26
232,233,-70.4708,98.0096,1383.93,1389.18
233,234,-24.1371,96.5583,1394.3,1397.85
234,235,-34.4766,104.486,1404.85,1409.15
235,236,-13.4373,106.622,1412.55,1416.63
236,237,-44.0152,113.118,1416.11,1421.3
237,238,-25.6317,111.926,1420.4,1425.03
238,239,-53.9549,105.441,1399.8,1404.8
239,240,-71.8786,107.224,1396.52,1402.47
240,241,-30.134,120.843,1433.62,1439.02
241,242,-57.1623,119.66,1420.64,1426.82
242,243,-67.4009,114.721,1408.56,1414.83
243,244,-72.2591,124.085,1419.9,1427.14
244,245,-82.9903,92.0082,1371.68,1377.27
245,246,-98.9952,89.7815,1361.01,1367.56
246,247,-90.6783,110.765,1395.19,1402.51
247,248,-95.2176,101.3,1380.26,1387.24
248,249,-114.992,97.603,1363.37,1371.69
249,250,-129.474,102.176,1358.88,1368.85
250,251,-168.505,135.139,1310.2,1327.89
251,252,-167.57,141.57,1299.16,1317.55
252,253,-110.616,109.136,1383.74,1392.44
253,254,-86.5872,121.046,1409.86,1417.69
254,255,-108.501,121.285,1401.43,1410.85
255,256,-98.6457,131.155,1417.08,1426.55
256,257,-128.791,113.635,1379.44,1390.09
257,258,-149.09,126.718,1385.95,1399.69
258,259,-130.633,127.141,1399.09,1410.92
259,260,-155.879,113.524,1316.54,1330.59
260,261,-148.794,104.214,1323.3,1335.71
261,262,-136.743,100.063,1346.69,1357.31
262,263,-145.482,103.264,1336.48,1348.33
263,264,-159.833,117.325,1341.28,1355.86
264,265,-154.37,115.975,1355.2,1368.89
265,266,-160.472,123.122,1309.97,1325.49
266,267,-168.825,129.097,1321.07,1338.06
267,268,-177.374,132.224,1343.43,1361.52
268,269,-144.599,115.554,1368.33,1380.79
269,270,-162.835,127.116,1371.18,1386.65
270,271,-172.816,129.316,1355.87,1372.94
271,272,-169.738,135.783,1388.17,1405.09
272,273,-188.533,137.867,1342.02,1362.19
273,274,-179.314,135.478,1370.83,1389.13
274,275,-189.766,138.902,1355.88,1376.12
275,276,-197.512,145.609,1367.92,1389.75
276,277,-16.1808,125.837,1471.53,1476.99
277,278,-13.3619,116.711,1430.34,1435.16
278,279,-46.4494,124.333,1432.39,1438.53
279,280,-9.38549,124.279,1445.13,1450.49
280,281,-15.6242,126.538,1458.1,1463.66
281,282,-24.6008,127.448,1445.29,1451.11
282,283,-39.8035,135.502,1447.82,1454.69
283,284,-54.5868,137.766,1444.13,1451.71
284,285,-63.2948,129.282,1432.08,1439.3
285,286,-55.4076,149.078,1456.39,1465.05
286,287,-73.7542,140.069,1439.57,1448.25
287,288,-29.486,133.43,1461.19,1467.57
288,290,-43.8147,143.516,1463.35,1471.02
289,291,-67.5441,154.94,1455.18,1464.96
290,293,-52.4561,153.873,1472.43,1481.38
291,294,-67.5161,164.57,1465.66,1476.41
292,295,-61.2895,168.465,1476.77,1487.61
293,296,-81.9535,132.211,1425.99,1434.45
294,297,-115.792,135.781,1416.26,1427.46
295,298,-95.0156,141.631,1430.06,1440.19
296,299,-82.0449,151.888,1446.29,1456.56
297,300,-97.9084,152.251,1439.61,1450.95
298,301,-105.212,160.906,1444.95,1457.68
299,302,-152.385,135.84,1403.73,1418.5
300,303,-134.712,140.348,1417.48,1430.77
301,304,-115.932,147.97,1430.25,1442.55
302,305,-161.244,145.458,1418.05,1434.58
303,306,-146.493,149.873,1428.32,1443.61
304,307,-127.705,157.155,1438.15,1452.34
305,308,-83.1255,164.271,1456.02,1467.61
306,309,-90.7689,173.167,1459.84,1472.87
307,310,-109.232,170.566,1451.99,1466.05
308,311,-88.8059,184.958,1470.15,1484.4
309,312,-75.2842,178.443,1472.82,1485.5
310,313,-101.423,180.667,1461.41,1476.02
311,314,-166.094,156.481,1430.73,1448.81
312,315,-148.482,162.263,1440.66,1457.35
313,316,-125.976,169.113,1448.7,1463.97
314,317,-118.075,180.057,1457.1,1472.92
315,318,-142.22,174.441,1450.12,1467.48
316,321,-63.613,179.114,1484.09,1496.21
317,322,-77.8311,194.809,1482.07,1496.84
318,323,-68.9005,189.436,1485.75,1499.36
319,325,-172.764,142.952,1404.74,1422.52
320,326,-187.225,147.197,1395.81,1415.98
321,327,-177.596,152.117,1418.25,1437.4
322,328,-190.114,156.138,1409.82,1431.12
323,329,-187.329,142.629,1381.64,1401.56
324,330,-201.556,153.844,1384.31,1407.34
325,331,-201.619,161.044,1398.34,1421.95
326,332,-184.326,164.067,1426.08,1447.27
327,333,-169.632,169.636,1439.59,1459.44
328,334,-199.175,169.688,1412.92,1436.94
329,335,-192.442,176.175,1426.25,1449.92
330,336,-162.076,181.782,1447.95,1468.29
331,337,-174.271,199.683,1443.35,1467.48
332,338,-204.292,183.715,1413.2,1439.66
333,339,-208.689,171.144,1397.4,1423.22
334,340,-211.775,192.722,1401.77,1430.72
335,341,-197.17,193.79,1424.5,1451.08
336,342,-6.68062,274.728,1017.97,1054.41
337,343,-5.9666,280.465,1005.16,1043.57
338,344,-15.8511,269.386,1030.31,1065.06
339,345,-36.1435,270.507,1027.01,1062.65
340,346,-5.64361,290.221,978.026,1020.19
341,347,-2.79613,285.158,992.648,1032.8
342,348,-30.0235,278.536,1009.46,1047.61
343,349,-11.0158,257.102,1054.88,1085.82
344,350,-19.4973,262.088,1044.66,1077.21
345,351,-19.1208,254.536,1063.59,1093.79
346,352,-18.1556,250.897,1076.21,1105.22
347,353,-17.6854,247.946,1093.09,1121
348,354,-13.6652,247.054,1112.22,1139.41
349,355,-2.31562,246.024,1130.89,1157.34
350,356,4.45434,254.49,1176.81,1204.02
351,357,-15.154,259.185,1165.81,1194.37
352,358,4.48003,250.967,1162.95,1189.73
353,359,0.804394,249.125,1149.08,1175.78
354,360,5.01413,258.914,1190.88,1218.71
355,361,9.8903,263.977,1204.9,1233.52
356,362,9.38802,269.028,1218.44,1247.82
357,363,8.46717,274.195,1233.37,1263.51
358,364,9.13262,280.021,1255.88,1286.75
359,365,7.29509,283.739,1274.87,1306.08
360,366,8.95106,285.913,1291.25,1322.56
361,367,7.36991,286.333,1312.05,1342.95
362,368,8.49173,281.014,1353.61,1382.5
363,369,6.55984,279.209,1368.38,1396.59
364,370,6.12999,276.721,1384.52,1411.92
365,371,1.23619,269.709,1421.35,1446.71
366,372,0.115893,245.949,1483.35,1503.6
367,373,0.496362,250.053,1476.43,1497.46
368,374,-1.47714,253.372,1469.98,1491.66
369,375,0.942979,259.527,1455.24,1478.2
370,376,4.36986,255.408,1465.12,1487.22
371,379,0.696908,266.503,1433.98,1458.53
372,380,1.67687,262.871,1445.33,1469.04
373,381,-55.7213,278.438,1008.92,1048.12
374,382,-58.6177,268.791,1028.32,1064.48
375,383,-77.2188,268.931,1022.47,1060.06
376,384,-79.6448,277.008,1004.73,1045.26
377,385,-103.613,273.016,995.422,1037.37
378,386,-96.7759,268.004,1013.67,1052.96
379,387,-120.442,264.477,991.912,1033.61
380,388,-116.677,260.499,1008.85,1048.45
381,389,-134.093,248.594,1004.98,1043.92
382,390,-108.355,256.725,1026.07,1063.23
383,391,-120.437,247.345,1030.53,1066.62
384,392,-126.444,249.313,1018.09,1055.77
385,393,-134.132,237.261,1028.71,1064.2
386,394,-146.839,227.047,1020.88,1056.08
387,395,-142.05,237.281,1012.55,1049.64
388,396,-150.607,216.416,1029.08,1062.32
389,397,-157.896,213.633,1013.91,1048.13
390,398,-163.939,195.608,1018.16,1049.66
391,399,-24.6692,286.622,990.079,1031.03
392,400,-46.1347,286.915,990.207,1031.97
393,401,-69.324,285.531,989.168,1031.89
394,402,-89.3075,282.291,985.967,1029.46
395,403,-164.709,181.293,1027.51,1056.3
396,404,-46.3495,262.253,1043.06,1076.52
397,405,-40.4445,256.1,1059.43,1090.69
398,406,-76.1202,252.241,1065.15,1097.25
399,407,-96.812,245.529,1070.57,1102.62
400,408,-64.4532,256.767,1053.66,1086.41
401,409,-75.0757,260.311,1041.15,1075.82
402,410,-92.8517,260.005,1033.03,1069.29
403,411,-93.413,252.29,1050.6,1084.5
404,412,-47.0739,252.911,1074.96,1105.31
405,413,-64.4463,251.246,1079.21,1109.94
406,414,-61.6192,250.956,1098.29,1128.28
407,415,-79.499,248.768,1085.56,1116.53
408,416,-40.3951,251.47,1094.54,1123.78
409,417,-91.2971,244.904,1094.68,1125.45
410,418,-106.92,238.474,1085.92,1116.93
411,419,-96.5052,242.72,1111.51,1141.79
412,420,-111.733,234.105,1102.8,1132.9
413,421,-161.391,153.369,1044.17,1067.64
414,422,-157.555,142.803,1058.55,1079.7
415,423,-158.895,158.417,1061.81,1085.26
416,424,-162.338,172.892,1040.68,1067.36
417,425,-158.221,187.621,1046.12,1074.52
418,426,-157.803,200.144,1033.47,1064.43
419,427,-151.683,202.345,1050.35,1080.36
420,428,-159.729,172.257,1053.51,1079.38
421,429,-156.354,177.349,1068.05,1093.91
422,430,-155.988,145.842,1073.3,1094.34
423,431,-154.474,152.118,1086.43,1107.85
424,432,-150.908,188.907,1082.66,1109.33
425,433,-153.488,191.355,1063.05,1090.99
426,434,-156.604,165.768,1077.06,1100.94
427,435,-153.004,176.576,1089.13,1113.91
428,436,-153.251,162.625,1095.02,1117.59
429,437,-143.766,202.48,1086.43,1114.45
430,438,-111.272,241.434,1058.16,1091.04
431,439,-126.488,232.375,1054.42,1087.11
432,440,-136.17,229.577,1039.93,1073.64
433,441,-114.81,245.151,1042.38,1076.96
434,442,-147.494,214.821,1040.8,1072.92
435,443,-140.797,217.716,1054.24,1085.65
436,444,-118.975,232.666,1073.38,1104.73
437,445,-133.878,220.611,1068.79,1099.5
438,446,-136.181,214.225,1085.34,1114.63
439,447,-144.913,206.464,1067.75,1097.14
440,448,-126.952,224.119,1085.07,1115.22
441,449,-125.17,223.054,1098.82,1128.2
442,450,-43.5074,252.838,1114.72,1143.86
443,451,-63.7879,254.432,1131.53,1161.54
444,452,-75.1718,249.911,1112.58,1142.78
445,453,-33.7961,255.096,1132.4,1161.27
446,454,-89.2263,246.907,1130.62,1160.7
447,455,-106.994,236.111,1126.2,1155.65
448,456,-115.587,227.489,1140.13,1168.34
449,457,-25.5604,257.513,1149.78,1178.54
450,458,-54.0644,259.571,1150.29,1180.45
451,459,-70.8926,259.74,1162.77,1193.53
452,460,-80.443,252.995,1147.8,1178.1
453,461,-101.686,241.21,1147.66,1177.13
454,462,-111.736,237.13,1162.91,1192.09
455,463,-145.457,192.538,1103.36,1129.44
456,464,-135.798,209.326,1105.49,1133.3
457,465,-140.347,192.924,1121.74,1146.83
458,466,-135.693,203.698,1121.71,1148.1
459,467,-148.096,163.712,1117.44,1139.04
460,468,-150.024,153.486,1108.58,1129.17
461,469,-150.557,140.359,1097.72,1116.85
462,470,-149.799,175.825,1104.77,1128.66
463,471,-146.032,173.497,1121.32,1144.02
464,472,-145.191,182.893,1118.25,1142.37
465,473,-132.341,205.396,1141.26,1167.12
466,474,-138.055,193.173,1135.74,1160.29
467,475,-132.907,210.356,1162.39,1188.72
468,476,-145.391,161.281,1133.72,1154.33
469,477,-146.318,145.621,1121.97,1140.8
470,478,-143.76,170.969,1149.64,1171.14
471,479,-142.376,140.385,1147.78,1165.07
472,480,-144.596,152.285,1138.33,1157.54
473,481,-143.282,176.13,1135.76,1158.23
474,482,-140.322,187.461,1147.43,1171.08
475,483,-120.934,224.327,1117.81,1146.49
476,484,-127.502,215.258,1128.27,1155.68
477,485,-121.938,225.959,1161.2,1189.25
478,486,-124.655,218.634,1148.77,1176.02
479,487,-41.2356,263.861,1166.57,1196.75
480,488,-18.2968,264.414,1182.44,1211.78
481,489,-40.0196,269.035,1185.34,1216.15
482,490,-61.5456,265.508,1177.69,1208.82
483,491,-93.5397,250.335,1162.92,1193.23
484,492,-83.6292,259.535,1177.62,1208.78
485,493,-104.464,248.555,1177.85,1208.31
486,494,-18.5571,269.588,1199.57,1229.63
487,495,-46.9534,272.638,1199.82,1231.3
488,496,-10.3332,273.469,1218.39,1248.75
489,497,-31.67,275.804,1212.7,1244.07
490,498,-70.591,268.488,1195.73,1227.53
491,499,-92.9821,259.887,1192.66,1224.18
492,500,-88.1319,267.195,1208.94,1241.25
493,501,-108.611,259.027,1210.76,1242.91
494,502,-137.724,198.218,1156.78,1181.69
495,503,-138.051,207.4,1176.19,1202.29
496,504,-132.345,222.539,1183.58,1211.57
497,505,-144.189,152.6,1156.99,1175.88
498,506,-145.063,151.144,1173.59,1192.14
499,507,-147.721,159.74,1189.35,1209.09
500,508,-146.557,167.069,1175.33,1196.16
501,509,-142.862,182.7,1159.3,1182.27
502,510,-145.414,177.355,1170.8,1193.05
503,511,-142.572,192.804,1171.96,1196.24
504,512,-150.69,172.289,1203.83,1225.4
505,513,-148.188,174.32,1189.51,1211.31
506,514,-143.467,202.008,1189.19,1214.73
507,515,-139.081,216.225,1193.56,1220.94
508,516,-146.66,204.989,1204.08,1230.18
509,517,-149.777,188.642,1203.09,1226.97
510,518,-128.794,220.994,1170.37,1198
511,519,-119.945,239.773,1185.76,1215.69
512,520,-121.933,231.613,1174.47,1203.28
513,521,-111.176,250.873,1195.56,1226.65
514,522,-124.486,244.63,1205.94,1236.78
515,523,-131.501,232.621,1198.74,1228.16
516,524,-7.55945,280.191,1243.23,1274.44
517,525,-25.5127,280.626,1232.31,1264.12
518,526,-46.357,279.527,1224.3,1256.66
519,527,-59.1684,274.987,1212.39,1244.59
520,528,-74.1875,275.483,1222.77,1255.61
521,529,-54.8798,282.529,1236.69,1269.74
522,530,-98.5676,269.049,1224.02,1257.11
523,531,-83.5321,277.438,1234.84,1268.38
524,532,-32.2622,285.638,1248.35,1281.02
525,533,-63.1908,285.642,1250.69,1284.45
526,534,-43.1107,289.042,1263.19,1296.55
527,535,-85.5033,281.527,1247.49,1281.72
528,536,-103.109,275.716,1245.44,1279.75
529,537,-149.633,158.643,1204.65,1224.23
530,538,-153.271,167.718,1217.15,1238.17
531,539,-142.147,221.099,1208.83,1237.08
532,540,-151.564,198.787,1215.44,1240.88
533,541,-152.426,214.519,1229.13,1256.99
534,542,-154.687,197.681,1225.7,1251.14
535,543,-148.055,216.041,1218.48,1246.31
536,544,-153.621,181.529,1216.92,1239.94
537,545,-157.394,187.612,1233.18,1257.26
538,546,-156.472,174.884,1229.4,1251.6
539,547,-148.876,229.896,1236.1,1266.08
540,548,-154.562,217.159,1238.1,1266.47
541,549,-121.986,254,1219.47,1251.6
542,550,-111.449,266.875,1232.7,1266.17
543,551,-136.098,238.066,1217.34,1247.84
544,552,-128.109,253.826,1229.54,1261.99
545,553,-121.1,266.028,1245.14,1278.99
546,554,-102.213,280.535,1258.74,1293.67
547,555,-134.929,251.671,1238.24,1270.74
548,556,-143.469,232.693,1226.21,1256.31
549,557,-142.6,244.416,1241.43,1273.27
550,558,-151.201,153.201,1218.22,1237.09
551,559,-154.511,159.792,1228.07,1248.02
552,560,-156.366,159.155,1238.87,1258.8
553,561,-12.7578,285.954,1265.86,1297.82
554,562,-37.2967,292.109,1284,1317.34
555,563,-9.03216,288.942,1294.57,1326.45
556,564,-44.2186,295.338,1304.25,1338
557,565,-80.0037,287.396,1264.72,1299.43
558,566,-55.5663,291.71,1276.52,1310.61
559,567,-62.6197,294.804,1290.16,1324.89
560,568,-81.6091,292.458,1283.72,1319.14
561,569,9.43389,283.54,1329.32,1359.26
562,570,1.4139,282.689,1344.94,1374.33
563,571,-21.8567,291.717,1310.13,1342.39
564,572,-14.6093,288.485,1330.73,1361.72
565,573,-12.2131,285.532,1349.93,1379.85
566,574,-38.5731,294.656,1329.1,1361.92
567,575,-66.7502,298.013,1307.57,1342.76
568,576,-85.9295,297.887,1311.94,1348.08
569,577,-159.099,206.743,1247.54,1274.52
570,578,-155.562,226.573,1249.35,1279.22
571,579,-153.558,241.136,1260.92,1292.92
572,580,-119.51,273.614,1262.1,1296.94
573,581,-102.97,285.836,1275.93,1311.6
574,582,-133.054,261.141,1254.13,1287.92
575,583,-120.067,279.368,1279.46,1315.1
576,584,-135.421,266.576,1271.32,1306.01
577,585,-149.008,240.848,1249.67,1281.36
578,586,-143.885,253.345,1259.25,1292.52
579,587,-93.1739,292.953,1292.63,1328.68
580,588,-105.372,290.766,1299.09,1335.4
581,589,-103.188,294.409,1317.72,1354.15
582,590,-118.261,285.984,1300.15,1336.47
583,591,-132.65,275.904,1290.53,1326.34
584,592,-128.486,283.22,1310.01,1346.42
585,593,-157.887,247.685,1280.53,1313.79
586,594,-150.592,253.168,1273.52,1307.14
587,595,-145.285,264.496,1284.34,1319.32
588,596,-143.848,271.431,1299.68,1335.49
589,597,-3.90476,281.036,1366.83,1395.43
590,598,-16.4085,283.97,1369.41,1398.64
591,599,-28.5321,290.038,1350.87,1381.95
592,600,-62.6834,299.174,1326.46,1361.22
593,601,-56.7127,297.605,1345.15,1378.85
594,602,-83.8696,299.68,1332.85,1368.7
595,603,-44.0165,293.143,1360.85,1392.76
596,604,-77.7045,298.778,1354.42,1389.16
597,605,-66.8047,295.817,1370.43,1403.58
598,606,-95.9272,296.98,1346.6,1382.29
599,607,-9.73281,278.256,1391.33,1418.92
600,608,-22.9169,283.589,1381.65,1410.64
601,609,-23.5756,278.067,1406.59,1434.01
602,610,-33.5924,286.223,1381.99,1411.72
603,611,-41.3408,283.797,1400.39,1429.46
604,612,-49.7867,291.129,1378.43,1409.72
605,613,-62.388,290.317,1390.95,1422.29
606,614,-78.1349,289.69,1396.61,1428.48
607,615,-86.9692,294.157,1377.11,1410.86
608,616,-112.805,291.897,1328.9,1365.25
609,617,-127.446,285.584,1329.07,1365.37
610,618,-113.909,291.098,1347.72,1383.5
611,619,-152.669,268.1,1309.22,1345.08
612,620,-140.974,277.264,1315.98,1352.24
613,621,-153.829,271.173,1323.2,1359.43
614,622,-128.716,285.168,1348.4,1384.22
615,623,-120.527,286.94,1367.32,1402.29
616,624,-117.625,282.599,1393.48,1426.7
617,625,-133.516,280.763,1373.99,1408.72
618,626,-102.562,293.045,1365.81,1400.65
619,627,-140.462,279.568,1331.35,1367.62
620,628,-145.421,277.602,1341.16,1377.29
621,629,-138.717,280.145,1356.96,1392.5
622,630,-157.432,271.461,1335.53,1371.9
623,631,-157.626,156.141,1251.13,1270.65
624,632,-158.231,168.807,1242.29,1263.65
625,633,-159.486,183.516,1243.3,1266.85
626,634,-159.402,167.578,1251.08,1272.28
627,635,-159.106,158.404,1260.33,1280.17
628,636,-161.414,175.371,1258.2,1280.58
629,637,-160.749,184.422,1251.04,1274.74
630,638,-159.112,148.484,1269.92,1288.43
631,639,-160.6,153.083,1272.71,1291.9
632,640,-160.928,161.438,1265.74,1286.1
633,641,-162.713,159.852,1273.88,1294.14
634,642,-164.47,148.122,1286.21,1305.12
635,643,-166.349,173.549,1269.76,1292.32
636,644,-161.6,203.954,1258.56,1285.18
637,645,-159.257,223.156,1258.53,1288.04
638,646,-158.399,237.542,1269.12,1300.84
639,647,-164.845,194.803,1264.57,1290.06
640,648,-162.873,224.258,1270.15,1300.04
641,649,-163.727,239.741,1281.95,1314.41
642,650,-166.113,243.569,1292.89,1326.08
643,651,-170.384,244.234,1287.73,1321.71
644,652,-174.202,245.062,1281.08,1315.89
645,653,-162.765,250.385,1293.65,1327.67
646,654,-159.726,259.508,1302.96,1338.12
647,655,-162.588,262.296,1312.85,1348.63
648,656,-167.659,255.784,1309.83,1345.06
649,657,-165.98,265.966,1330.23,1366.67
650,658,-169.616,255.939,1312.4,1347.84
651,659,-173.204,261.008,1326.42,1362.91
652,660,-12.1216,257.91,1461.89,1484.52
653,661,-26.7853,262.591,1454.91,1478.66
654,662,-15.6451,249.081,1477.4,1498.33
655,663,-27.0213,254.108,1469.58,1491.63
656,664,-42.5109,246.256,1477.33,1498.32
657,665,-41.5795,258.258,1463.45,1486.64
658,666,-59.1041,249.34,1470.97,1493.12
659,667,-56.1912,262.264,1456.59,1481.08
660,668,-12.0647,272.522,1418.74,1444.73
661,669,-44.2402,277.983,1421,1448.61
662,670,-15.6071,266.091,1442.94,1467.35
663,671,-26.3439,273.203,1426.65,1452.81
664,672,-33.0079,269.946,1440.24,1465.69
665,673,-61.0934,284.653,1409.56,1439.31
666,674,-83.2983,283.409,1414.56,1445.07
667,675,-96.4827,287.301,1397.37,1429.86
668,676,-68.2597,278.075,1428.01,1456.43
669,677,-86.9015,275.745,1431.14,1460.05
670,678,-43.3027,266.076,1450.54,1475.38
671,679,-54.3842,272.814,1438.32,1464.97
672,680,-74.4402,268.58,1445.74,1472.36
673,681,-70.4277,258.03,1459.79,1484.09
674,682,-86.5057,253.788,1460.14,1484.55
675,683,-108.921,190.152,1465.08,1481.38
676,684,-100.046,238.589,1466.92,1489.56
677,685,-103.09,251.135,1456.63,1481.71
678,686,-116.161,240.759,1458.59,1482.88
679,687,-116.049,252.706,1449.23,1475.67
680,688,-128.305,188.379,1459.17,1476.86
681,689,-118.702,202.244,1465.55,1484.19
682,690,-137.978,205.401,1458.81,1479.65
683,692,-145.634,190.474,1455.18,1474.8
684,693,-160.22,208.855,1449.15,1472.86
685,694,-150.845,221.23,1450.31,1474.82
686,695,-142.516,244.479,1440.82,1468.35
687,696,-146.341,254.638,1425.48,1455.42
688,697,-129.777,243.649,1449.54,1475.59
689,698,-126.576,232.031,1458.44,1482.2
690,699,-140.045,231.603,1451.55,1476.57
691,700,-108.367,288.111,1383.4,1417.23
692,701,-104.732,279.411,1415.15,1446.27
693,702,-120.588,276.396,1408.92,1440.83
694,703,-120.686,268.944,1425.66,1455.82
695,704,-150.349,275.371,1356.04,1391.86
696,705,-132.144,277.581,1390.88,1424.45
697,706,-142.66,270.958,1396.79,1429.96
698,707,-134.403,261.557,1426.16,1456.16
699,708,-149.636,261.216,1410.54,1442.31
700,709,-103.821,271.09,1432.5,1461.62
701,710,-94.5653,263.884,1446.96,1473.86
702,711,-115.412,261.623,1439.87,1467.99
703,712,-130.746,254.181,1439.08,1467.19
704,714,-65.3579,204.856,1492.05,1507.47
705,715,-82.4393,208.584,1482.69,1499.56
706,717,-54.4324,222.49,1493.81,1511.27
707,718,-68.6494,235.95,1479.89,1500.15
708,719,-77.5782,244.772,1470.52,1492.77
709,720,-88.9288,195.354,1476.36,1491.88
710,721,-94.641,219.377,1476.37,1495.58
711,722,-85.673,232.157,1476.07,1496.67
712,723,-99.1068,198.259,1472.59,1489.18
713,724,-109.055,211.36,1470.29,1489.4
714,725,-111.817,226.639,1467.17,1488.78
715,726,-164.725,225.892,1439.34,1466.24
716,727,-175.888,216.112,1436.89,1463.66
717,728,-155.221,235.605,1439.12,1466.52
718,729,-153.356,245.812,1430.59,1459.63
719,730,-162.508,248.047,1418.22,1448.89
720,731,-167.201,237.314,1427.08,1456.31
721,732,-187.441,221.11,1422.04,1451.28
722,733,-204.552,201.606,1412.14,1441.05
723,734,-197.526,212.493,1416.77,1446.17
724,735,-200.269,222.932,1402.75,1434.4
725,736,-177.182,239.302,1413.21,1444.24
726,737,-190.374,239.084,1395.73,1428.8
727,738,-175.53,247.684,1402.35,1434.83
728,739,-196.853,242.679,1379.07,1414.03
729,740,-177.957,228.706,1425.15,1454.31
730,741,-188.878,230.703,1409.44,1440.63
731,742,-148.119,273.941,1375,1409.83
732,743,-160.297,271.676,1351.35,1387.68
733,744,-162.92,255.619,1404.84,1437.17
734,745,-154.965,266.482,1391.33,1425.07
735,746,-167.096,260.861,1388.17,1422.32
736,747,-170.797,266.626,1347.32,1384.03
737,748,-162.973,268.485,1369.78,1405.33
738,749,-181.655,260.744,1334.24,1371.56
739,750,-175.523,261.074,1372.31,1407.91
740,751,-179.836,251.849,1388.5,1422.57
741,752,-187.852,253.066,1371.56,1407.31
742,753,-209.795,209.947,1399.31,1430.44
743,754,-212.249,218.357,1388.09,1421.1
744,755,-203.047,231.247,1387.96,1421.67
745,756,-179.014,262.484,1354.44,1391.21
746,757,-193.845,256.41,1328.8,1367.13
747,758,-191.511,256.572,1351.67,1389.07
748,759,21.5834,18.8965,1131.29,1131.65
749,760,35.3106,79.3415,1370.24,1372.99
750,761,18.5724,123.702,1466.11,1471.44
751,762,165.472,127.929,1025.61,1046.72
752,763,34.6859,14.8442,1042.87,1043.55
753,764,24.1777,14.8779,1054.79,1055.17
754,765,41.5748,17.1961,1061.46,1062.41
755,766,71.6645,29.3057,1058.41,1061.24
756,767,26.4533,16.087,1074.85,1075.3
757,768,57.5199,20.8945,1055.01,1056.78
758,769,45.2204,19.304,1080.95,1082.07
759,770,61.4756,25.4984,1078.43,1080.48
760,771,81.1866,37.2502,1070.65,1074.37
761,772,87.4763,44.1558,1088.6,1093
762,773,103.763,56.9965,1083.57,1090.02
763,774,98.0311,54.5488,1104.07,1109.76
764,775,81.8546,34.4399,1042.48,1046.26
765,776,94.5643,44.7436,1050.32,1055.52
766,777,95.3775,47.9428,1068.78,1074.1
767,778,111.386,57.5639,1042.86,1050.37
768,779,129.644,74.049,1039.79,1050.45
769,780,108.481,57.2282,1061.41,1068.47
770,781,122.054,68.2811,1055.76,1064.98
771,782,134.184,80.4311,1058.11,1069.61
772,783,141.39,87.9409,1048.4,1061.54
773,784,158.409,113.82,1035.88,1054.09
774,785,164.979,136.44,1039.43,1061.25
775,786,150.251,100.131,1046.62,1062.08
776,787,156.64,114.95,1052.42,1070.2
777,788,161.89,131.465,1054.6,1075.02
778,789,118.994,68.2766,1075.28,1084
779,790,133.021,81.4432,1073.51,1084.78
780,791,120.641,72.6301,1092.93,1101.96
781,792,131.456,82.8601,1089.23,1100.26
782,793,144.743,96.2244,1071.35,1085.36
783,794,151.583,106.362,1066.67,1082.62
784,795,157.444,121.882,1068.92,1087.31
785,796,141.009,94.5553,1088.88,1102.04
786,797,152.907,114.992,1084.66,1101.4
787,798,160.352,136.03,1075.37,1095.74
788,799,156.833,130.09,1090.82,1109.69
789,800,28.1589,17.0155,1096.79,1097.28
790,801,49.3805,22.0046,1100.76,1102.09
791,802,35.9795,19.2348,1117.45,1118.19
792,803,57.8139,25.8229,1118.84,1120.63
793,804,71.4684,32.4032,1094.11,1096.92
794,805,72.0953,33.391,1113.68,1116.51
795,806,84.5238,42.8973,1109.78,1113.82
796,807,94.3729,51.8408,1120.23,1125.39
797,808,34.2103,21.2113,1141.53,1142.24
798,809,19.2634,22.3734,1155.44,1155.82
799,810,49.5195,24.2967,1139.61,1140.94
800,811,78.901,38.6414,1130.47,1133.88
801,812,91.0596,48.55,1134.73,1139.41
802,813,66.2585,30.9275,1138.54,1140.89
803,814,80.7443,40.1363,1150.92,1154.45
804,815,104.296,60.9504,1126.8,1133.26
805,816,97.6511,54.0178,1149.29,1154.7
806,817,109.564,63.8142,1098.77,1106.06
807,818,114.272,69.5373,1113.6,1121.61
808,819,127.311,81.4669,1108.25,1118.51
809,820,137.734,93.9819,1107.83,1120.31
810,821,155.029,135.185,1108.02,1126.95
811,822,146.619,105.743,1098.51,1113.28
812,823,142.508,104.011,1119.57,1133.39
813,824,147.22,115.492,1125.6,1141.05
814,825,151.401,119.756,1105.75,1122.47
815,826,121.181,77.2551,1125.64,1134.78
816,827,111.995,68.3959,1139.66,1147.19
817,828,124.276,81.4718,1140.56,1150.2
818,829,131.91,89.5119,1125.7,1136.93
819,830,137.832,99.0672,1137.58,1150.17
820,831,143.578,109.176,1143.31,1157.45
821,832,151.275,127.968,1122.36,1139.72
822,833,153.109,140.364,1124.28,1143.31
823,834,147.245,119.043,1145.06,1160.61
824,835,150.301,129.911,1140.18,1157.36
825,836,49.0235,29.7069,1180.08,1181.47
826,837,34.6192,24.7245,1165.73,1166.51
827,838,58.949,29.3135,1158.43,1160.3
828,839,28.8313,30.0248,1191.11,1191.84
829,840,63.5217,37.0614,1194.29,1196.55
830,841,71.8436,36.1115,1171.3,1174.06
831,842,81.3695,44.307,1192.23,1195.82
832,843,87.6639,45.6163,1169.61,1173.78
833,844,29.5467,36.5594,1216.11,1217.02
834,845,47.5558,35.84,1207.18,1208.65
835,846,31.2003,38.7592,1237.46,1238.46
836,847,71.7589,41.4785,1216.93,1219.75
837,848,54.378,37.8944,1229.86,1231.64
838,849,88.8651,46.8783,1211.46,1215.62
839,850,96.9277,53.4457,1186.61,1191.76
840,851,110.712,66.4842,1155.94,1163.13
841,852,101.797,57.1307,1167.52,1173.34
842,853,111.559,64.3537,1186.12,1193.09
843,854,118.368,74.0309,1171.48,1179.77
844,855,102.949,55.5003,1204.65,1210.31
845,856,115.804,63.3293,1209.96,1217.14
846,857,123.995,74.2051,1204.47,1213.11
847,858,123.334,77.8228,1187.53,1196.45
848,859,132.373,91.586,1152.06,1163.25
849,860,138.429,100.321,1161.6,1174.11
850,861,123.398,80.2828,1157.79,1167.11
851,862,131.121,89.124,1175.2,1185.85
852,863,145.22,111.848,1166.76,1181.07
853,864,148.775,122.847,1159.01,1174.96
854,865,150.674,123.144,1182.12,1198.03
855,866,152.046,131.79,1168.96,1186.15
856,867,152.577,140.143,1157.42,1175.82
857,868,140.445,101.928,1182.34,1195.01
858,869,132.497,88.0158,1195.74,1206.27
859,870,140.749,99.086,1200.55,1212.83
860,871,147.257,114.414,1191.39,1205.9
861,872,154.669,136.464,1184.93,1202.75
862,873,156.217,148.758,1182.23,1201.75
863,874,158.618,147.188,1201.06,1220.4
864,875,44.4771,36.5809,1252.76,1254.08
865,876,64.296,33.2779,1264.07,1266.14
866,877,71.2948,35.5299,1247.09,1249.63
867,878,101.47,48.9822,1224.77,1229.94
868,879,86.4541,33.5861,1267.44,1270.83
869,880,88.7286,40.3205,1237.84,1241.67
870,881,37.3662,37.3412,1276.03,1277.12
871,882,64.1155,33.4918,1282.55,1284.59
872,883,31.2736,42.7002,1299.04,1300.12
873,884,58.3087,37.962,1301.46,1303.32
874,885,48.9125,47.0381,1319.3,1321.04
875,886,82.3791,35.566,1294.57,1297.68
876,887,101.24,36.9885,1286.06,1290.57
877,888,96.606,45.1172,1310.03,1314.36
878,889,108.205,45.4574,1244.59,1250.11
879,890,113.795,55.0279,1230.27,1236.75
880,891,121.715,63.3443,1226.44,1234.09
881,892,129.247,72.2375,1222.81,1231.74
882,893,123.792,54.4395,1248,1255.31
883,894,135.028,85.0274,1213.47,1223.92
884,895,138.167,80.0433,1231.24,1241.55
885,896,105.521,39.2149,1261.65,1266.66
886,897,122.973,47.5252,1267.56,1274.4
887,898,133.427,58.1927,1263.34,1271.7
888,899,133.974,67.1512,1244.09,1253.08
889,900,133.339,56.1945,1282.06,1290.2
890,901,144.143,82.7481,1243.86,1254.92
891,902,143.506,74.1753,1258.1,1268.43
892,903,143.659,96.8119,1218.01,1230.27
893,904,147.86,110.264,1208.37,1222.37
894,905,146.829,94.5378,1232.36,1244.67
895,906,152.082,109.793,1226.07,1240.33
896,907,153.25,123.57,1206.12,1222.08
897,908,156.816,135.099,1206.84,1224.46
898,909,158.228,126.876,1225.24,1241.91
899,910,150.015,92.3192,1247.43,1259.81
900,911,150.732,85.692,1262.45,1274.3
901,912,154.603,104.184,1244.81,1258.69
902,913,158.97,118.112,1241.62,1257.32
903,914,163.425,133.425,1241.45,1259.25
904,915,162.159,144.897,1222.44,1241.63
905,916,165.827,149.668,1236.23,1256.25
906,917,26.6981,52.9516,1322.4,1323.73
907,918,38.1317,60.0711,1339.9,1341.79
908,919,74.0724,44.8356,1316.77,1319.61
909,920,60.6594,56.517,1336.46,1339.03
910,921,84.2983,56.422,1332.97,1336.82
911,922,23.4276,70.8376,1355.18,1357.23
912,923,48.1404,68.7304,1354.81,1357.41
913,924,69.2365,69.3493,1354.99,1358.53
914,925,90.948,65.959,1345.41,1350.09
915,926,90.1303,77.2796,1362.54,1367.7
916,927,119.268,43.0927,1281.56,1287.82
917,928,124.194,51.4378,1294.81,1301.77
918,929,112.682,51.2491,1309.93,1315.77
919,930,109.548,60.9847,1328.5,1334.4
920,931,141.579,66.1783,1273.9,1283.45
921,932,130.785,60.6931,1304.89,1312.83
922,933,148.043,75.7505,1279.24,1290
923,934,141.938,68.6389,1294.38,1303.95
924,935,153.611,87.6506,1277.04,1289.23
925,936,148.989,79.402,1301.43,1312.33
926,937,154.237,87.1649,1293.4,1305.48
927,938,107.831,73.0975,1348.98,1355.26
928,939,123.51,76.4608,1343.98,1351.81
929,940,128.236,68.0359,1323.32,1331.26
930,941,141.987,76.4428,1317.39,1327.22
931,942,138.089,84.5306,1343.59,1353.31
932,943,148.874,87.2842,1329.9,1341.05
933,944,156.602,101.178,1260.84,1274.55
934,945,161.231,116.198,1258.8,1274.39
935,946,158.583,102.205,1273.72,1287.62
936,947,165.025,129.123,1259.99,1277.29
937,948,158.832,98.4875,1287.03,1300.53
938,949,162.195,113.721,1275.95,1291.24
939,950,155.196,90.371,1314.58,1326.79
940,951,167.888,138.895,1269.39,1287.96
941,952,167.428,143.781,1252.94,1272.23
942,953,167.672,130.971,1287,1304.47
943,954,168.855,140.666,1279.78,1298.51
944,955,52.7253,82.6588,1375.54,1379.03
945,956,33.3755,89.9979,1388.03,1391.34
946,957,57.4365,94.4455,1392.63,1397.01
947,958,71.7348,82.8879,1374.21,1378.58
948,959,79.95,95.0802,1390.13,1395.67
949,960,18.6553,97.4903,1399.92,1403.43
950,961,38.5363,101.339,1405.97,1410.14
951,962,20.5842,105.881,1413.62,1417.73
952,963,43.7537,112.067,1423.12,1428.2
953,964,27.8611,112.117,1424.53,1429.21
954,965,56.154,105.043,1408.97,1414
955,966,76.1753,105.225,1404.65,1410.64
956,967,33.0452,120.977,1438.95,1444.4
957,968,58.6102,118.208,1428.62,1434.7
958,969,69.94,113.077,1417.26,1423.48
959,970,77.1938,121.884,1427.43,1434.7
960,971,92.3453,88.0158,1377.6,1383.49
961,972,111.367,86.0364,1367.54,1374.76
962,973,96.8646,107.337,1402.68,1410.11
963,974,103.835,97.754,1387.86,1395.17
964,975,127.309,93.2101,1369.41,1378.47
965,976,143.177,97.3494,1362.98,1373.93
966,977,170.314,128.648,1300.93,1318.32
967,978,118.668,105.17,1391.94,1400.94
968,979,90.6738,117.214,1416.66,1424.39
969,980,113.616,118.478,1410.87,1420.39
970,981,102.242,128.298,1425.47,1434.88
971,982,137.077,108.956,1387.52,1398.53
972,983,156.129,120.256,1393.14,1407.01
973,984,133.102,121.9,1408.11,1419.63
974,985,165.646,110.288,1306.22,1321.29
975,986,163.315,103.191,1315.77,1329.88
976,987,154.424,97.8076,1348.06,1360.4
977,988,161.129,99.9988,1331.37,1344.81
978,989,171.952,115.675,1320.63,1336.79
979,990,169.978,110.85,1330.59,1345.98
980,991,167.458,109.624,1350.11,1364.86
981,992,171.644,121.027,1310.47,1327.19
982,993,174.216,126.938,1310.41,1328.02
983,994,172.867,133.013,1302.21,1320.35
984,999,155.339,109.078,1371.36,1384.43
985,1000,174.902,118.906,1370.81,1387.03
986,1002,181.752,128.688,1393.52,1411.2
987,1003,29.3073,125.253,1476.04,1481.63
988,1004,17.5122,118.244,1433.79,1438.76
989,1005,46.5856,124.782,1440.5,1446.64
990,1006,19.9249,124.617,1448.36,1453.85
991,1007,31.8054,127.953,1463.19,1469.12
992,1008,33.793,127.894,1452.68,1458.69
993,1009,44.6933,133.72,1454.93,1461.75
994,1010,56.6011,137.204,1452.32,1459.88
995,1011,66.7562,128.571,1439.89,1447.16
996,1012,64.1952,146.871,1462.27,1471.03
997,1013,76.0737,140.232,1448.83,1457.59
998,1014,43.4822,134.237,1469.73,1476.49
999,1015,54.663,142.511,1470.33,1478.23
1000,1016,76.3209,153.643,1462.22,1472.25
1001,1017,62.5681,153.029,1481.15,1490.35
1002,1018,75.5648,162.108,1472.88,1483.7
1003,1019,69.5867,166.577,1484.63,1495.57
1004,1020,87.3859,131.249,1435.34,1443.97
1005,1021,118.816,133.883,1426.36,1437.55
1006,1022,101.251,140.183,1438.71,1449.07
1007,1023,89.657,149.631,1452.5,1462.94
1008,1024,106.104,151.993,1447.94,1459.76
1009,1025,112.855,162.001,1454.04,1467.38
1010,1026,155.196,130.684,1413.9,1428.38
1011,1027,138.646,137.335,1426.69,1439.97
1012,1028,122.07,147.232,1439.42,1452.07
1013,1029,166.867,143.695,1431.32,1448.16
1014,1030,149.206,150.498,1440.52,1456.03
1015,1031,133.547,157.968,1448.16,1462.86
1016,1032,91.1508,163.134,1463.55,1475.43
1017,1033,99.7022,173.087,1467.65,1481.18
1018,1034,116.154,173.147,1461.51,1476.31
1019,1035,93.8836,185.477,1479.33,1493.87
1020,1036,83.5968,175.686,1478.81,1491.55
1021,1037,108.86,183.142,1471.07,1486.42
1022,1038,169.505,158.543,1444.49,1463.02
1023,1039,153.653,164.461,1451.28,1468.63
1024,1040,134.358,171.809,1457.72,1473.95
1025,1041,125.423,183.315,1465.65,1482.39
1026,1042,151.277,178.232,1458.15,1476.77
1027,1043,183.225,138.803,1416.83,1435.36
1028,1045,185.329,152.252,1433.6,1453.53
1029,1046,201.234,155.855,1423.87,1446.44
1030,1048,188.267,167.089,1441.36,1463.18
1031,1049,174.215,173.85,1450.39,1471.12
1032,1050,196.38,183.613,1439.3,1464.19
1033,1051,169.254,191.955,1454.31,1476.66
1034,1052,182.028,207.806,1444.53,1470.71
1035,1053,189.593,195.788,1443.1,1468.61
1036,1054,209.717,189.545,1423.9,1451.69
1037,1055,216.093,175.565,1414.62,1441.76
1038,1056,214.22,199.928,1412.1,1442.18
1039,1057,199.92,202.358,1431.06,1459.06
1040,1058,7.08816,268.482,1030.3,1064.73
1041,1059,18.9884,277.478,1009.52,1047.13
1042,1060,20.3876,253.566,1166.34,1193.76
1043,1062,44.6933,277.267,1007.58,1045.99
1044,1063,35.1667,268.424,1027.53,1062.59
1045,1064,61.425,269.333,1021.64,1058.33
1046,1065,70.9653,276.445,1003.68,1043.47
1047,1066,99.5924,272.811,995.267,1036.77
1048,1067,88.3547,269.136,1012.67,1051.54
1049,1068,118.455,265.454,989.676,1031.48
1050,1069,133.431,254.592,989.292,1030.2
1051,1070,146.204,242.312,987.63,1027.38
1052,1071,112.463,261.388,1008.78,1048.15
1053,1072,132.251,251.185,1002.37,1041.79
1054,1073,101.181,258.61,1025.63,1062.56
1055,1074,118.811,248.717,1028.46,1064.76
1056,1075,126.431,249.475,1015.71,1053.51
1057,1076,137.213,236.504,1025.12,1060.96
1058,1077,154.562,229.327,996.906,1034.55
1059,1078,150.216,226.661,1016.34,1052.09
1060,1079,143.478,238.53,1007.89,1045.62
1061,1080,153.194,217.223,1025.41,1059.3
1062,1081,160.606,214.524,1008.35,1043.35
1063,1082,166.276,198.694,1014.22,1046.79
1064,1083,98.6243,281.347,972.822,1017.48
1065,1084,15.6344,285.96,988.112,1028.78
1066,1085,35.7513,284.94,989.168,1030.01
1067,1086,59.4917,284.2,988.161,1029.94
1068,1087,83.3418,281.644,985.827,1028.65
1069,1088,174.265,164.961,1009.4,1037.53
1070,1089,168.596,184.182,1022.02,1052.08
1071,1090,18.8442,262.317,1041.67,1074.36
1072,1091,9.50349,255.157,1057.13,1087.53
1073,1092,50.8409,253.532,1062.23,1093.25
1074,1093,74.9719,250.26,1068.84,1100.3
1075,1094,34.8598,257.578,1050.99,1082.65
1076,1095,56.2921,260.764,1040.16,1073.82
1077,1096,80.2784,261.875,1031.4,1067.15
1078,1097,79.8876,254.548,1048.79,1082.19
1079,1098,10.2605,248.015,1073.73,1102.05
1080,1099,32.9306,249.192,1078.23,1107.14
1081,1100,36.4109,247.844,1099.58,1127.75
1082,1101,55.5355,249.447,1085.56,1115.23
1083,1102,8.62142,243.732,1092.65,1119.54
1084,1103,77.6959,247.273,1089.95,1120.34
1085,1104,97.312,243.391,1081.15,1112.47
1086,1105,90.1168,244.238,1105.47,1135.71
1087,1106,108.606,237.749,1096.48,1127.2
1088,1107,170.07,147.364,1024.03,1048.46
1089,1108,166.789,157.323,1041.84,1066.77
1090,1109,170.344,165.484,1025.77,1052.9
1091,1110,164.253,146.992,1054.68,1077.47
1092,1111,163.531,162.733,1060.87,1085.67
1093,1112,166.434,176.351,1036.56,1064.55
1094,1113,160.988,191.463,1042.42,1072.01
1095,1114,159.473,202.522,1031.35,1063.08
1096,1115,152.115,206.785,1049.17,1080.12
1097,1116,163.298,176.78,1050.79,1078
1098,1117,159.992,180.986,1064.72,1091.78
1099,1118,162.147,149.157,1070.49,1092.93
1100,1119,160.785,156.661,1082.63,1105.66
1101,1120,154.824,190.064,1080.41,1107.87
1102,1121,156.295,194.036,1061.59,1090.44
1103,1122,160.306,172.506,1076.09,1101.56
1104,1123,158.975,165.161,1091.7,1115.51
1105,1124,147.749,203.065,1083.86,1112.57
1106,1125,151.174,190.16,1098.99,1125.52
1107,1126,99.3461,245.667,1060.65,1093.25
1108,1127,119.804,238.091,1054.01,1087.19
1109,1128,130.989,235.137,1039.37,1073.66
1110,1129,106.53,248.649,1042.51,1077.03
1111,1130,146.869,218.954,1039.18,1072.1
1112,1131,137.483,224.284,1052.85,1085.22
1113,1132,118.476,234.112,1072.87,1104.49
1114,1133,136.306,221.219,1068.25,1099.4
1115,1134,138.023,216.294,1085.02,1114.94
1116,1135,148.199,208.197,1065.97,1096.18
1117,1136,127.433,226.363,1084.38,1115.06
1118,1137,123.811,227.226,1096.51,1126.63
1119,1138,16.4409,243.599,1113.23,1139.69
1120,1139,49.2386,251.469,1124.01,1152.85
1121,1140,64.2718,248.616,1108.74,1138.09
1122,1141,29.0877,249.027,1130.81,1158.27
1123,1142,82.2282,247.151,1125.02,1154.78
1124,1143,102.689,239.825,1120.69,1150.66
1125,1144,113.798,231.68,1135.67,1164.63
1126,1145,22.8991,250.426,1147.8,1175.02
1127,1146,47.341,255.675,1147.3,1176.4
1128,1147,63.9315,258.247,1163.02,1193.06
1129,1148,70.9399,252.798,1142.61,1172.39
1130,1149,95.5023,244.089,1141.99,1171.68
1131,1150,108.891,237.619,1155.64,1184.83
1132,1151,144.855,202.201,1101.94,1129.66
1133,1152,135,215.941,1103.62,1132.62
1134,1153,143.3,198.363,1118,1144.47
1135,1154,136.641,208.907,1119.25,1146.75
1136,1155,153.063,171.135,1116.57,1139.93
1137,1156,156.186,162.322,1105.78,1128.49
1138,1157,156.082,178.156,1093.3,1118.66
1139,1158,152.422,179.882,1108.87,1133.66
1140,1159,148.138,187.837,1117.36,1142.68
1141,1160,134.323,208.89,1139.64,1166.39
1142,1161,140.943,198.16,1132.48,1158.29
1143,1162,135.507,212.202,1158.93,1185.96
1144,1163,151.012,169.019,1131.18,1153.66
1145,1164,155.206,150.998,1114.71,1135.55
1146,1165,151.475,168.746,1148.19,1170.37
1147,1166,148.938,177.901,1145.05,1168.32
1148,1167,152.174,143.578,1138.96,1158.02
1149,1168,152.786,157.712,1128.67,1149.83
1150,1169,148.135,181.799,1129.85,1153.93
1151,1170,144.304,190.753,1141.86,1166.64
1152,1171,118.965,229.442,1113.8,1143.39
1153,1172,127.412,219.885,1125.63,1153.96
1154,1173,122.279,226.805,1156.94,1185.29
1155,1174,125.374,220.932,1144.77,1172.62
1156,1175,39.1844,258.665,1164.62,1193.64
1157,1176,25.5525,259.923,1184.04,1212.5
1158,1177,46.3599,263.865,1182.41,1212.38
1159,1178,68.8878,261.72,1181.03,1211.64
1160,1179,88.3444,250.875,1160.07,1190.17
1161,1180,88.6362,255.339,1178.18,1208.79
1162,1181,107.36,244.517,1172.83,1202.85
1163,1182,33.3793,266.753,1200.81,1230.53
1164,1183,57.4575,267.525,1199.31,1230.13
1165,1184,27.8416,271.973,1221.47,1251.69
1166,1185,82.1433,262.911,1198.74,1229.98
1167,1186,101.238,253.526,1190.47,1221.37
1168,1187,101.956,258.76,1208.07,1239.67
1169,1188,118.077,253.018,1213.55,1245.26
1170,1189,140.873,200.835,1152.68,1178.5
1171,1190,141.857,209.164,1173.46,1200.37
1172,1191,135.48,222.738,1179.93,1208.39
1173,1192,152.497,155.989,1146.91,1167.47
1174,1193,154.221,153.095,1164.57,1184.67
1175,1194,156.011,162.84,1178.86,1200.24
1176,1195,153.141,168.371,1162.97,1185.03
1177,1196,147.349,187.406,1154.9,1179.25
1178,1197,150.869,182.117,1164.76,1188.53
1179,1198,146.35,196.704,1166.84,1192.32
1180,1199,157.012,177.317,1194.32,1217.58
1181,1200,154.328,177.506,1178.81,1202.05
1182,1201,151.274,191.094,1179.73,1204.64
1183,1202,148.179,203.436,1185.15,1211.58
1184,1203,151.31,206.161,1199.84,1226.79
1185,1204,154.561,192.556,1196.14,1221.36
1186,1205,131.188,221.563,1166.47,1194.55
1187,1206,122.731,237.751,1183.37,1213.24
1188,1207,123.589,231.259,1170.72,1199.73
1189,1208,116.919,246.85,1195.88,1226.68
1190,1209,129.721,240.464,1203.85,1234.47
1191,1210,135.887,230.396,1194.26,1223.85
1192,1211,25.1543,278.272,1244.29,1275.27
1193,1212,41.611,277.3,1235.47,1266.89
1194,1213,65.0195,274.9,1229.22,1261.26
1195,1214,73.321,269.174,1213.91,1245.56
1196,1215,89.7612,267.156,1220.21,1252.33
1197,1216,60.8199,279.536,1245.23,1277.67
1198,1217,106.758,263.562,1226.28,1258.82
1199,1218,85.4929,273.122,1236.41,1269.1
1200,1219,43.0008,282.842,1257.75,1289.88
1201,1220,79.3307,279.433,1253.22,1286.44
1202,1221,60.9161,284.572,1268.13,1301.09
1203,1222,101.466,271.275,1242.45,1275.76
1204,1223,116.181,265.685,1243.61,1276.97
1205,1224,158.48,161.873,1195.43,1216.71
1206,1225,160.542,173.539,1208.26,1231.17
1207,1226,146.799,219.108,1204.52,1233.06
1208,1227,156.659,200.575,1211.11,1237.56
1209,1228,158.059,213.422,1226.5,1254.92
1210,1229,160.834,200.995,1223.6,1250.39
1211,1230,152.826,215.537,1215.31,1243.7
1212,1231,159.684,187.07,1211.22,1235.94
1213,1232,163.96,197.851,1231.78,1258.3
1214,1233,163.821,184.078,1224.22,1248.77
1215,1234,163.141,209.197,1237.06,1265.19
1216,1235,153.306,228.602,1233.38,1263.72
1217,1236,160.102,219.139,1237.91,1267.31
1218,1237,130.893,245.927,1217.71,1249.17
1219,1238,121.96,257.939,1230.85,1263.49
1220,1239,141.352,232.251,1211.61,1241.74
1221,1240,135.658,246.718,1227.88,1259.75
1222,1241,130.156,258.207,1244.56,1277.71
1223,1242,112.886,272.182,1257.95,1292
1224,1243,141.231,245.823,1237.01,1269.08
1225,1244,147.99,230.573,1224.12,1254.41
1226,1245,148.69,240.512,1242.84,1274.6
1227,1246,161.424,157.543,1211.14,1231.96
1228,1247,163.967,166.825,1220.62,1242.83
1229,1248,166.437,166.644,1231.6,1253.92
1230,1249,27.1255,283.723,1269.72,1301.32
1231,1250,39.3936,287.223,1285.99,1318.26
1232,1251,53.6685,288.116,1286.91,1319.86
1233,1252,25.3768,286.917,1298.2,1329.77
1234,1253,58.2412,290.664,1307.61,1340.79
1235,1254,94.2117,279.815,1264.09,1298.11
1236,1255,73.9632,286.086,1278.73,1312.43
1237,1256,77.565,289.203,1293.77,1327.97
1238,1257,94.3615,285.711,1286.89,1321.6
1239,1258,15.7736,281.668,1347.89,1377.1
1240,1259,36.5438,287.765,1315.26,1346.87
1241,1260,32.8545,285.831,1335.32,1365.96
1242,1261,26.9069,283.121,1351.31,1380.91
1243,1262,53.4572,290.073,1332.76,1365.01
1244,1263,80.5833,292.898,1311.14,1345.87
1245,1264,97.9476,290.787,1315.37,1350.68
1246,1265,163.095,220.396,1247.31,1277.09
1247,1266,158.212,229.875,1246.97,1277.81
1248,1267,158.088,240.744,1263.75,1296.15
1249,1268,127.397,266.438,1263,1297.07
1250,1269,111.5,277.988,1275.5,1310.19
1251,1270,139.682,254.632,1254.28,1287.47
1252,1271,128.313,271.646,1280.33,1315.1
1253,1272,141.29,260.091,1271.96,1305.94
1254,1273,153.227,240.799,1252.98,1285.08
1255,1274,148.551,249.77,1261.65,1294.69
1256,1275,107.153,284.606,1294.52,1329.76
1257,1276,119.616,280.687,1297.75,1333.13
1258,1277,115,285.979,1314.85,1350.5
1259,1278,129.375,278.491,1306.5,1342.1
1260,1279,138.52,269.239,1291.82,1326.83
1261,1280,139.74,273.43,1309.23,1344.76
1262,1281,162.245,245.067,1279.8,1313.11
1263,1282,154.844,250.223,1274.75,1308.27
1264,1283,149.358,259.68,1285.38,1319.83
1265,1284,150.588,264.459,1300.82,1335.94
1266,1285,16.9617,279.418,1367.94,1396.29
1267,1286,26.3773,280.402,1371.62,1400.24
1268,1287,40.5966,285.243,1358.97,1389.18
1269,1288,76.3427,294.172,1330.76,1365.02
1270,1289,71.1031,292.832,1349.2,1382.44
1271,1290,96.8599,293.033,1338.87,1373.98
1272,1291,54.0802,288.113,1360.05,1391.28
1273,1292,82.921,292.297,1365.17,1398.57
1274,1293,67.2522,288.755,1374.21,1405.83
1275,1294,101.472,290.966,1359.95,1394.43
1276,1295,19.3796,275.659,1393.76,1420.89
1277,1296,31.8139,280.171,1380.34,1408.85
1278,1297,27.7014,273.622,1409.73,1436.31
1279,1298,39.0633,279.937,1389.23,1417.69
1280,1299,44.662,277.721,1404.5,1432.39
1281,1300,52.9294,284.24,1382.33,1412.24
1282,1301,62.2925,283.064,1396.15,1425.92
1283,1302,71.2491,281.209,1408.03,1437.6
1284,1303,81.3313,287.48,1388.46,1420.24
1285,1304,116.326,286.85,1330.86,1366.38
1286,1305,132.196,280.096,1326.76,1362.43
1287,1306,120.33,286.174,1347.76,1383.05
1288,1307,160.092,253.313,1292.02,1326.32
1289,1308,154.227,265.382,1313,1348.4
1290,1309,144.916,272.751,1321.11,1356.73
1291,1310,154.709,268.414,1329.57,1365.19
1292,1311,126.964,282.736,1360.39,1395.25
1293,1312,114.01,285.729,1375.13,1409.12
1294,1313,114.86,281.266,1396.19,1428.86
1295,1314,130.738,279.222,1379.96,1413.98
1296,1315,97.5804,288.134,1382.62,1415.69
1297,1316,139.665,277.276,1337.82,1373.37
1298,1317,141.065,276.578,1348.49,1383.77
1299,1318,139.936,277.063,1362.33,1397.24
1300,1319,154.245,269.995,1344.86,1380.34
1301,1320,168.403,161.69,1245.25,1266.95
1302,1321,166.941,182.55,1235.98,1260.49
1303,1322,166.131,201.895,1241.95,1269.17
1304,1323,167.914,190.651,1244.42,1270.09
1305,1324,169.519,171.92,1251.07,1274.15
1306,1325,168.932,203.273,1252.95,1280.52
1307,1326,166.877,211.87,1251.15,1279.89
1308,1327,169.457,152.576,1262.71,1283.13
1309,1328,170.379,166.752,1261.92,1284.24
1310,1329,171,160.507,1269.16,1290.65
1311,1330,170.36,149.242,1278.23,1298.14
1312,1331,171.446,192.781,1261.26,1287.38
1313,1332,168.243,217.526,1259.44,1289.11
1314,1333,164.102,228.998,1259.66,1290.78
1315,1334,164.093,237.352,1270.75,1303.1
1316,1335,170.174,216.638,1263.79,1293.47
1317,1336,169.267,229.809,1272.97,1304.58
1318,1337,174.238,164.289,1274.04,1296.35
1319,1338,172.653,184.835,1264.32,1289.37
1320,1340,168.361,241.946,1286.41,1319.75
1321,1341,172.721,220.208,1271.26,1301.7
1322,1342,173.371,229.85,1280.3,1312.27
1323,1343,173.558,239.392,1293.22,1326.59
1324,1344,174.623,204.923,1267.36,1295.64
1325,1345,176.252,219.951,1274.6,1305.39
1326,1347,177.13,229.856,1286.1,1318.43
1327,1348,182.028,230.807,1287.09,1320.23
1328,1351,174.51,245.171,1302.89,1337.19
1329,1352,182.753,239.13,1301.3,1335.65
1330,1355,167.496,250.197,1300.87,1335.26
1331,1356,162.405,257.537,1307.6,1342.58
1332,1357,164.649,259.994,1319.48,1354.89
1333,1358,172.546,253.013,1317.13,1352.26
1334,1359,165.19,263.518,1338.96,1374.61
1335,1360,175.372,253.312,1323.38,1358.77
1336,1362,184.889,243.995,1311.19,1346.45
1337,1363,176.227,257.243,1336.75,1372.64
1338,1364,187.084,247.129,1322.32,1358.16
1339,1366,17.5718,256.456,1463.05,1485.46
1340,1367,29.778,258.809,1459.57,1482.64
1341,1369,24.3304,252.268,1471.93,1493.59
1342,1370,31.5266,245.259,1482.09,1502.58
1343,1371,39.3572,254.116,1468.68,1491.02
1344,1372,50.6439,246.609,1477.42,1498.72
1345,1373,51.5426,256.715,1464.08,1487.31
1346,1374,15.2385,270.238,1418.42,1444.01
1347,1375,39.3889,271.746,1424.43,1450.65
1348,1376,16.5774,261.746,1449.26,1472.8
1349,1377,21.3823,267.473,1431.91,1456.83
1350,1378,29.4337,264.563,1444.83,1469.15
1351,1379,55.9047,276.478,1416.96,1444.76
1352,1380,73.8761,276.08,1426.3,1454.65
1353,1381,87.0341,282.144,1408.14,1438.76
1354,1382,57.5884,270.626,1436.29,1462.7
1355,1383,77.2719,270.546,1438.58,1465.84
1356,1384,42.9501,262.201,1454.1,1478.17
1357,1385,44.3869,267.848,1440.16,1465.53
1358,1386,61.8242,264.264,1451.15,1476.31
1359,1387,66.5438,256.418,1463.03,1486.82
1360,1388,80.1687,250.96,1466.99,1490.46
1361,1389,114.935,194.06,1473.92,1491.08
1362,1390,86.1827,239.622,1475.85,1497.66
1363,1391,96.6589,249.801,1463.8,1488.1
1364,1392,114.153,242.077,1463.98,1488.24
1365,1393,108.464,254.281,1455.08,1481.11
1366,1394,133.413,192.874,1466.61,1485.24
1367,1395,127.479,208.518,1470.71,1490.88
1368,1396,145.947,209.027,1462.9,1484.95
1369,1397,141.492,223.109,1462.09,1485.77
1370,1398,148.524,196.983,1462.09,1482.76
1371,1399,163.104,211.807,1454.17,1478.54
1372,1400,160.99,223.103,1450.78,1476.64
1373,1401,143.478,246.218,1443.97,1471.82
1374,1402,143.921,256.058,1430.14,1459.99
1375,1403,130.626,243.223,1455.02,1480.98
1376,1404,128.742,232.605,1463.72,1487.67
1377,1405,147.107,233.597,1452.91,1478.9
1378,1406,100.094,282.71,1402.92,1434.62
1379,1407,94.6489,275.733,1424.74,1454.26
1380,1408,112.656,275.883,1415.32,1446.35
1381,1409,112.682,268.99,1431.72,1461.12
1382,1410,148.278,272.674,1368.18,1402.94
1383,1411,129.823,275.878,1397.03,1429.91
1384,1412,142.086,269.301,1401.82,1434.51
1385,1413,131.03,268.736,1417.78,1448.96
1386,1414,129.266,262.304,1432.57,1462.11
1387,1415,148.224,260.915,1415.77,1447.22
1388,1416,95.6218,267.353,1441.81,1469.5
1389,1417,83.7903,261.584,1453.45,1479.18
1390,1418,113.748,260.949,1444.57,1472.35
1391,1419,129.097,253.792,1444.97,1472.76
1392,1421,80.5305,213.102,1491.4,1508.7
1393,1422,60.0301,236.076,1486.17,1506
1394,1423,67.6358,244.973,1475.8,1497.52
1395,1424,89.9181,197.31,1486.09,1501.83
1396,1425,93.026,221.481,1483.92,1503.24
1397,1426,76.2756,231.764,1484.88,1504.79
1398,1427,103.407,200.991,1480.6,1497.75
1399,1428,106.347,231.155,1474.72,1496.51
1400,1429,191.01,213.341,1433.09,1461.42
1401,1430,166.229,229.302,1442.28,1469.82
1402,1431,178.158,220.202,1439.65,1467.25
1403,1432,157.272,237.993,1441.83,1469.78
1404,1433,154.303,247.383,1433.35,1462.7
1405,1434,162.295,248.354,1422.81,1453.41
1406,1435,166.786,238.034,1432.82,1462
1407,1436,186.599,226.532,1424.2,1454.13
1408,1437,205.413,209.113,1418.69,1448.66
1409,1438,197.079,218.796,1420.14,1450.35
1410,1439,197.72,227.79,1406.68,1438.66
1411,1440,174.45,239.742,1421.3,1451.9
1412,1441,190.422,238.127,1401.42,1434.2
1413,1442,177.463,245.062,1407.74,1439.89
1414,1443,196.622,243.249,1378.77,1413.8
1415,1444,177.067,231.357,1429.66,1459.04
1416,1445,185.401,234.552,1414.35,1445.61
1417,1446,149.277,270.1,1382.04,1416.08
1418,1447,159.69,267.451,1359.35,1394.58
1419,1448,164.077,253.616,1409.47,1441.47
1420,1449,157.392,262.45,1397.02,1430.15
1421,1450,171.815,255.688,1391.92,1425.6
1422,1451,172.539,261.565,1355.88,1391.62
1423,1452,166.81,262.671,1375.12,1409.89
1424,1453,186.245,253.322,1340.57,1376.95
1425,1454,183.005,253.852,1375.83,1410.97
1426,1455,186.685,246.34,1390.83,1424.76
1427,1456,196.567,247.912,1365.18,1401.36
1428,1458,210.215,214.775,1404.92,1436.7
1429,1460,199.777,235.192,1391.23,1425.04
1430,1461,183.74,255.898,1358.83,1394.87
1431,1462,196.717,249.563,1347.11,1384.08
